sic03,SIC03_DESCRIPTION
01110,Growing of cereals and other crops n.e.c.
01120,"Growing of vegetables, horticultural specialities and nursery products"
01110,Growing of cereals and other crops n.e.c.
01110,Growing of cereals and other crops n.e.c.
01120,"Growing of vegetables, horticultural specialities and nursery products"
01110,Growing of cereals and other crops n.e.c.
01110,Growing of cereals and other crops n.e.c.
01110,Growing of cereals and other crops n.e.c.
01110,Growing of cereals and other crops n.e.c.
01120,"Growing of vegetables, horticultural specialities and nursery products"
01131,Growing of wine grapes and table grapes and production of wine from self - produced grapes
01139,"Growing of other fruit, nuts, beverage and spice crops"
01139,"Growing of other fruit, nuts, beverage and spice crops"
01139,"Growing of other fruit, nuts, beverage and spice crops"
01120,"Growing of vegetables, horticultural specialities and nursery products"
01139,"Growing of other fruit, nuts, beverage and spice crops"
01110,Growing of cereals and other crops n.e.c.
01139,"Growing of other fruit, nuts, beverage and spice crops"
01139,"Growing of other fruit, nuts, beverage and spice crops"
01110,Growing of cereals and other crops n.e.c.
01120,"Growing of vegetables, horticultural specialities and nursery products"
01139,"Growing of other fruit, nuts, beverage and spice crops"
01110,Growing of cereals and other crops n.e.c.
02010,Forestry and logging
01120,"Growing of vegetables, horticultural specialities and nursery products"
01210,"Farming of cattle, dairy farming"
01210,"Farming of cattle, dairy farming"
01220,"Farming of sheep, goats, horses, asses, mules and hinnies"
01250,Other farming of animals
01220,"Farming of sheep, goats, horses, asses, mules and hinnies"
01230,Farming of swine
01240,Farming of poultry
01220,"Farming of sheep, goats, horses, asses, mules and hinnies"
01250,Other farming of animals
01300,Growing of crops combined with farming of animals (mixed farming)
01410,Agricultural service activities; landscape gardening
01421,Farm animal boarding and care
01429,"Animal husbandry service activities, except veterinary activities, n.e.c."
92729,Other recreational activities not elsewhere classified
01110,Growing of cereals and other crops n.e.c.
01139,"Growing of other fruit, nuts, beverage and spice crops"
01410,Agricultural service activities; landscape gardening
01110,Growing of cereals and other crops n.e.c.
01120,"Growing of vegetables, horticultural specialities and nursery products"
01139,"Growing of other fruit, nuts, beverage and spice crops"
01410,Agricultural service activities; landscape gardening
01500,"Hunting, trapping and game propagation, including related service activities"
01120,"Growing of vegetables, horticultural specialities and nursery products"
02010,Forestry and logging
02010,Forestry and logging
01120,"Growing of vegetables, horticultural specialities and nursery products"
01139,"Growing of other fruit, nuts, beverage and spice crops"
02010,Forestry and logging
02020,Forestry and logging related service activities
74149,"Business and management consultancy activities, n.e.c."
05010,Fishing
05010,Fishing
01250,Other farming of animals
05020, Fish farming
01250,Other farming of animals
05020, Fish farming
10101,Deep coal mines 
10102,Open cast coal working
10200,Mining and agglomeration of lignite
11100,Extraction of crude petroleum and natural gas
11100,Extraction of crude petroleum and natural gas
13100,Mining of iron ores
12000,Mining of uranium and thorium ores
13200,"Mining of non-ferrous metal ores, except uranium and thorium ores"
14110,Quarrying of  ornamental and building stone
14120,"Quarrying of limestone, gypsum and chalk"
14130,Quarrying of slate
14210,Operation of gravel and sand pits
14220,Mining of clays and kaolin
14300,Mining of chemical and fertilizer minerals
10300,Extraction and agglomeration of peat
14400,Production of salt
14500,Other mining and quarrying n.e.c.
11100,Extraction of crude petroleum and natural gas
11200,"Service activities incidental to oil and gas extraction, excluding surveying"
10101,Deep coal mines
10102,Open cast coal working
10200,Mining and agglomeration of lignite
10300,Extraction and agglomeration of peat
12000,Mining of uranium and thorium ores
13100,Mining of iron ores
13200,"Mining of non-ferrous metal ores, except uranium and thorium ores"
14110,Quarrying of  ornamental and building stone
14120,"Quarrying of limestone, gypsum and chalk"
14130,Quarrying of slate
14210,Operation of gravel and sand pits
14220,Mining of clays and kaolin
14300,Mining of chemical and fertilizer minerals
14400,Production of salt
14500,Other mining and quarrying n.e.c.
15111,Slaughtering of animals other than poultry and rabbits
15112,Animal by-product processing
15113,Fellmongery
15120,Production and preserving of poultry meat
15120,Production and preserving of poultry meat
15131,Bacon and ham production
15139,Other meat and poultry meat processing
15201,Freezing of fish
15209,Other fish processing and preserving 
15310,Processing and preserving of potatoes
15320,Manufacture of fruit and vegetable juice
01410,Agricultural service activities; landscape gardening
15330,Processing and preserving of fruit and vegetables n.e.c.
51310,Wholesale of fruit and vegetables
01139,"Growing of other fruit, nuts, beverage and spice crops"
15410,Manufacture of crude oils and fats
15420,Manufacture of refined oils and fats
15430,Manufacture of margarine and similar edible fats
15511,Liquid milk and cream production
15512,Butter and cheese production
15519,Manufacture of other milk products
15520,Manufacture of ice cream
15611,Grain milling
15612,Manufacture of breakfast cereals and cereals-based food
15620,Manufacture of starches and starch products
15810,Manufacture of bread; manufacture of fresh pastry goods and cakes
15820,Manufacture of rusks and biscuits; manufacture of preserved pastry goods and cakes
15850,"Manufacture of macaroni, noodles, couscous and similar farinaceous products"
15830,Manufacture of sugar
15841,Manufacture of cocoa and  chocolate confectionery
15842,Manufacture of sugar confectionery
15861,Tea processing
15862,Production of coffee and coffee substitutes
14400,Production of salt
15870,Manufacture of condiments and seasonings
15139,Other meat and poultry meat processing
15209,Other fish processing and preserving 
15330,Processing and preserving of fruit and vegetables n.e.c.
15810,Manufacture of bread; manufacture of fresh pastry goods and cakes
15850,"Manufacture of macaroni, noodles, couscous and similar farinaceous products"
15880,Manufacture of homogenized food preparations and dietetic food
15139,Other meat and poultry meat processing
15139,Other meat and poultry meat processing
15209,Other fish processing and preserving 
15330,Processing and preserving of fruit and vegetables n.e.c.
15512,Butter and cheese production
15620,Manufacture of starches and starch products
15810,Manufacture of bread; manufacture of fresh pastry goods and cakes
15891,Manufacture of soups
15899,Manufacture of other food products n.e.c.
15710,Manufacture of prepared feeds for farm animals
15720,Manufacture of prepared pet foods
15910,Manufacture of distilled potable alcoholic beverages
15920,Production of ethyl alcohol from fermented materials
51342,"Wholesale of wine, beer, spirits and other alcoholic beverages"
01131,Growing of wine grapes and table grapes and production of wine from self - produced grapes
15931,Manufacture of wine of fresh grapes and grape juice
15932,Manufacture of wine based on concentrated grape must
51342,"Wholesale of wine, beer, spirits and other alcoholic beverages"
15941,Manufacture of cider and perry
15949,Manufacture of other fermented fruit beverages
15950,Manufacture of other non-distilled fermented beverages
15960,Manufacture of beer
15970,Manufacture of malt
15980,Production of mineral waters and soft drinks
16000,Manufacture of tobacco products
17110,Preparation and spinning of cotton-type fibres
17120,Preparation and spinning of woollen-type fibres
17130,Preparation and spinning of worsted-type fibres
17140,Preparation and spinning of flax-type fibres
17150,"Throwing and preparation of silk, including from noils, and throwing and texturing of synthetic or artificial filament yarns"
17160,Manufacture of sewing threads
17170,Preparation and spinning of other textile fibres
17210,Cotton-type weaving
17220,Woollen-type weaving
17230,Worsted-type weaving
17240,Silk-type weaving
17250,Other textile weaving
17300,Finishing of textiles
52740,Repair n.e.c.
17600,Manufacture of knitted and crocheted fabrics
17401,Manufacture of soft furnishings
17402,"manufacture of canvas goods, sacks, etc."
17403,Manufacture of household textiles
17511,Manufacture of woven carpets and rugs
17512,Manufacture of tufted carpets and rugs
17519,Manufacture of other carpets and rugs
17520,"Manufacture of cordage, rope, twine and netting"
17530,"Manufacture of non-wovens and articles made from non-wovens, except apparel"
17542,Manufacture of narrow fabrics
17549,Manufacture of other textiles n.e.c.
17541,Manufacture of lace
17542,Manufacture of narrow fabrics
17549,Manufacture of other textiles n.e.c.
36639,Other manufacturing n.e.c.
18100,Manufacture of leather clothes
18210,Manufacture of workwear
18221,Manufacture of other men's outerwear
18222,Manufacture of other women's outerwear
18231,Manufacture of men's underwear
18232,Manufacture of women's underwear
17710,Manufacture of knitted and crocheted hosiery
18241,Manufacture of hats
18243,"Cut, make and trim for clothing manufacturers"
18249,Manufacture of other wearing apparel and accessories n.e.c.
18300,Dressing and dyeing of fur; manufacture of articles of fur
17710,Manufacture of knitted and crocheted hosiery
17720,"Manufacture of knitted and crocheted pullovers, cardigans and similar articles"
18300,Dressing and dyeing of fur; manufacture of articles of fur
19100,Tanning and dressing of leather
19200,"Manufacture of luggage, handbags and the like, saddlery and harness"
36639,Other manufacturing n.e.c.
19300,Manufacture of footwear
02010,Forestry and logging
20100,Sawmilling and planing of wood; impregnation of wood
20200,"Manufacture of veneer sheets; manufacture of plywood, laminboard, particle board, fibre board and other panels and boards"
20300,Manufacture of builders' carpentry and joinery
20300,Manufacture of builders' carpentry and joinery
20400,Manufacture of wooden containers
19300,Manufacture of footwear
20510,Manufacture of other products of wood
20520,"Manufacture of articles of cork, straw and plaiting materials"
36639,Other manufacturing n.e.c.
21110,Manufacture of pulp
21120,Manufacture of paper and paperboard
21211,"Manufacture of corrugated paper and paperboard, sacks and bags"
21213,"Manufacture of cartons, boxes and cases of corrugated paper and paperboard"
21214,"Manufacture of cartons, boxes and cases of non-corrugated paper and paperboard"
21215,"Manufacture of cartons and similar containers of paper and paperboard specifically designed for carrying liquids, whether or not waxed"
21219,Manufacture of other containers
17549,Manufacture of other textiles n.e.c.
21220,Manufacture of household and sanitary goods and of toilet requisites
21230,Manufacture of paper stationery
22220,Other printing
21240,Manufacture of wallpaper
21252,Manufacture of unprinted labels
21259,Manufacture of other articles of paper and paperboard n.e.c.
36639,Other manufacturing n.e.c.
22210,Printing of newspapers
21251,Manufacture of printed labels
21220,Manufacture of household and sanitary goods and of toilet requisites
22220,Other printing 
22240,Pre-press activities
22250,Ancillary activities related to printing
22230,Bookbinding 
22310,Reproduction of sound recording
22320,Reproduction of video recording
22330,Reproduction of computer media
23100,Manufacture of coke oven products
24140,Manufacture of other organic basic chemicals
10103,Manufacture of solid fuel
10200,Mining and agglomeration of lignite
10300,Extraction and agglomeration of peat
23201,Mineral oil refining
23209,Other treatment of petroleum products (excluding petrochemicals manufacture)
24110,Manufacture of industrial gases
24120,Manufacture of dyes and pigments
23300,Processing of nuclear fuel
24130,Manufacture of other inorganic basic chemicals
15920,Production of ethyl alcohol from fermented materials
24140,Manufacture of other organic basic chemicals
24150,Manufacture of fertilizers and nitrogen compounds
24160,Manufacture of plastics in primary forms
24170,Manufacture of synthetic rubber in primary forms
24200,Manufacture of pesticides and other agro-chemical products
24301,"Manufacture of paints, varnishes and similar coatings"
24303,Manufacture of mastics and sealants
24302,Manufacture of printing ink 
24511,Manufacture of soap and detergents
24512,Manufacture of cleaning and polishing preparations
24511,Manufacture of soap and detergents
24520,Manufacture of perfumes and toilet preparations
24610,Manufacture of explosives
36639,Other manufacturing n.e.c.
24620,Manufacture of glues and gelatines
24630,Manufacture of essential oils
24620,Manufacture of glues and gelatines
24640,Manufacture of photographic chemical material
24660,Manufacture of other chemical products n.e.c.
24700,Manufacture of man-made fibres
24410,Manufacture of basic pharmaceutical products
23300,Processing of nuclear fuel
24421,Manufacture of medicaments
25110,Manufacture of rubber tyres and tubes
25120,Retreading and rebuilding of rubber tyres
19300,Manufacture of footwear
25130,Manufacture of other rubber products
36620,Manufacture of brooms and brushes
36639,Other manufacturing n.e.c.
25210,"Manufacture of plastic plates, sheets, tubes and profiles"
25220,Manufacture of plastic packing goods
25231,Manufacture of plastic floor covering
25239,Manufacture of other builders' ware of plastic
36639,Other manufacturing n.e.c.
19300,Manufacture of footwear
25240,Manufacture of other plastic products
36639,Other manufacturing n.e.c.
26110,Manufacture of flat glass
26120,Shaping and processing of flat glass
26130,Manufacture of hollow glass
26140,Manufacture of glass fibres
26150,"Manufacture and processing of other glass, including technical glassware"
26260,Manufacture of refractory ceramic products
26300,Manufacture of ceramic tiles and flags
26400,"Manufacture of bricks, tiles and construction products, in baked clay"
26210,Manufacture of ceramic household and ornamental articles
26220,Manufacture of ceramic sanitary fixtures
26230,Manufacture of ceramic insulators and insulating fittings
26240,Manufacture of other technical ceramic products
31620,Manufacture of other electrical equipment n.e.c.
26250,Manufacture of other ceramic products
26510,Manufacture of cement
26520,Manufacture of lime
26530,Manufacture of plaster
26610,Manufacture of concrete products for construction purposes
26620,Manufacture of plaster products for construction purposes
26630,Manufacture of ready-mixed concrete
26640,Manufacture of mortars
26650,Manufacture of fibre cement
26660,"Manufacture of other articles of concrete, plaster and cement"
26700,"Cutting, shaping and finishing of ornamental and building stone"
26810,Production of abrasive products
26821,manufacture of asbestos
26829,Manufacture of other non-metallic mineral products n.e.c.
27100,Manufacture of basic iron and steel and of ferro-alloys 
27220,Manufacture of steel tubes
27310,Cold drawing
27320,Cold rolling of narrow strip
27330,Cold forming or folding
28110,Manufacture of metal structures and parts of structures
27340,Wire drawing
27410,Precious metals production
27420,Aluminium production
27430,"Lead, zinc and tin production"
27440,Copper production
27450,Other non-ferrous metal production
23300,Processing of nuclear fuel
27210,Manufacture of cast iron tubes
27510,Casting of iron
27520,Casting of steel
27530,Casting of light metals
27540,Casting of other non-ferrous metals
28110,Manufacture of metal structures and parts of structures
28120,Manufacture of builders' carpentry and joinery of metal
28220,Manufacture of central heating radiators and boilers
28210,"Manufacture of tanks, reservoirs and containers of metal"
28300,"Manufacture of steam generators, except central heating hot water boilers"
29600,Manufacture of weapons and ammunition
28400,"Forging, pressing, stamping and roll forming of metal; powder metallurgy"
28510,Treatment and coating of metals
28520,General mechanical engineering
28610,Manufacture of cutlery
28750,Manufacture of other fabricated metal products n.e.c.
28630,Manufacture of locks and hinges
28750,Manufacture of other fabricated metal products n.e.c.
28620,Manufacture of tools
29560,Manufacture of other special purpose machinery n.e.c.
28710,Manufacture of steel drums and similar containers
28720,Manufacture of light metal packaging
28730,Manufacture of wire products
28740,"Manufacture of fasteners, screw machine products, chain and springs"
28740,"Manufacture of fasteners, screw machine products, chain and springs"
27430,"Lead, zinc and tin production"
28750,Manufacture of other fabricated metal products n.e.c.
31620,Manufacture of other electrical equipment n.e.c.
36639,Other manufacturing n.e.c.
24660,Manufacture of other chemical products n.e.c.
31100,"Manufacture of electric motors, generators and transformers"
31200,Manufacture of electricity distribution and control apparatus
31300,Manufacture of insulated wire and cable
32100,Manufacture of electronic valves and tubes and other electronic components
32300,"Manufacture of television and radio receivers, sound or video recording or reproducing apparatus and associated goods"
32100,Manufacture of electronic valves and tubes and other electronic components
30020,Manufacture of computers and other information processing equipment
32300,"Manufacture of television and radio receivers, sound or video recording or reproducing apparatus and associated goods"
31620,Manufacture of other electrical equipment n.e.c.
32201,Manufacture of telegraph and telephone apparatus and equipment  
32202,Manufacture of radio and electronic capital goods
32300,"Manufacture of television and radio receivers, sound or video recording or reproducing apparatus and associated goods"
32202,Manufacture of radio and electronic capital goods
32300,"Manufacture of television and radio receivers, sound or video recording or reproducing apparatus and associated goods"
32300,"Manufacture of television and radio receivers, sound or video recording or reproducing apparatus and associated goods"
36509,"Manufacture of other games and toys, n.e.c."
31620,Manufacture of other electrical equipment n.e.c.
33201,"Manufacture of electronic instruments and appliances for measuring, checking, testing, navigating and other purposes, except industrial process control equipment"
33301,Manufacture of electronic industrial process control equipment
31620,Manufacture of other electrical equipment n.e.c.
33202,"Manufacture of non-electronic instruments and appliances for measuring, checking, testing, navigating and other purposes, except industrial process control equipment"
33302,Manufacture of non-electronic industrial process control equipment
33500,Manufacture of watches and clocks
33100,Manufacture of medical and surgical equipment and orthopaedic appliances
33201,"Manufacture of electronic instruments and appliances for measuring, checking, testing, navigating and other purposes, except industrial process control equipment"
33401,Manufacture of spectacles and unmounted lenses
33402,Manufacture of optical precision instruments
32300,"Manufacture of television and radio receivers, sound or video recording or reproducing apparatus and associated goods"
33201,"Manufacture of non-electronic instruments and appliances for measuring, checking, testing, navigating and other purposes, except industrial process control equipment"
33402,Manufacture of optical precision instruments
33403,Manufacture of photographic and cinematographic equipment
24650,Manufacture of prepared unrecorded media
31100,"Manufacture of electric motors, generators and transformers"
31620,Manufacture of other electrical equipment n.e.c.
31200,Manufacture of electricity distribution and control apparatus
31400,"Manufacture of accumulators, primary cells and primary batteries"
31300,Manufacture of insulated wire and cable
33402,Manufacture of optical precision instruments
31300,Manufacture of insulated wire and cable
25239,Manufacture of other builders' ware of plastic
25240,Manufacture of other plastic products
31200,Manufacture of electricity distribution and control apparatus
31500,Manufacture of lighting equipment and electric lamps
31610,Manufacture of electrical equipment for engines and vehicles n.e.c.
31620,Manufacture of other electrical equipment n.e.c.
29710,Manufacture of electric domestic appliances
29720,Manufacture of non-electric domestic appliances
29430,Manufacture of other machine tools n.e.c.
31200,Manufacture of electricity distribution and control apparatus
31300,Manufacture of insulated wire and cable
31620,Manufacture of other electrical equipment n.e.c.
32100,Manufacture of electronic valves and tubes and other electronic components
29122,Manufacture of pumps and compressors
29110,"Manufacture of engines and turbines, except aircraft, vehicle and cycle engines"
34300,Manufacture of parts and accessories for motor vehicles and their engines
29121,Manufacture of pumps 
29122,Manufacture of compressors
29130,Manufacture of taps and valves
29140,"Manufacture of bearings, gears, gearing and driving elements"
29121,Manufacture of pumps 
29122,Manufacture of compressors
29130,Manufacture of taps and valves
29140,"Manufacture of bearings, gears, gearing and driving elements"
29210,Manufacture of furnaces and furnace burners
29710,Manufacture of electric domestic appliances
29720,Manufacture of non-electric domestic appliances
29220,Manufacture of lifting and handling equipment
35500,Manufacture of other transport equipment n.e.c.
30010,Manufacture of office machinery
32300,"Manufacture of television and radio receivers, sound or video recording or reproducing apparatus and associated goods"
36120,Manufacture of other office and shop furniture
29410,Manufacture of portable hand held power tools
29230,Manufacture of non-domestic cooling and ventilation equipment
29710,Manufacture of electric domestic appliances
29240,Manufacture of other general purpose machinery n.e.c.
29430,Manufacture of other machine tools n.e.c.
33202,"Manufacture of non-electronic instruments and appliances for measuring, checking, testing, navigating and other purposes, except industrial process control equipment"
29310,Manufacture of agricultural tractors
29320,Manufacture of other agricultural and forestry machinery
29530,"Manufacture of machinery for food, beverage and tobacco processing"
28620,Manufacture of tools
29420,Manufacture of other metalworking machine tools
28620,Manufacture of tools
29430,Manufacture of other machine tools n.e.c.
31620,Manufacture of other electrical equipment n.e.c.
29510,Manufacture of machinery for metallurgy
28620,Manufacture of tools
29521,Manufacture of machinery for mining
29522,Manufacture of earthmoving equipment
34100,Manufacture of motor vehicles
29523,Manufacture of equipment for concrete crushing and screening and roadworks
29530,"Manufacture of machinery for food, beverage and tobacco processing"
29540,"Manufacture of machinery for textile, apparel and leather production"
29560,Manufacture of other special purpose machinery n.e.c.
29550,Manufacture of machinery for paper and paperboard production
29560,Manufacture of other special purpose machinery n.e.c.
29560,Manufacture of other special purpose machinery n.e.c.
31620,Manufacture of other electrical equipment n.e.c.
33202,"Manufacture of non-electronic instruments and appliances for measuring, checking, testing, navigating and other purposes, except industrial process control equipment"
33403,Manufacture of photographic and cinematographic equipment
35300,Manufacture of aircraft and spacecraft
36501,Manufacture of professional and arcade games and toys
36639,Other manufacturing n.e.c.
34100,Manufacture of motor vehicles
34201,Manufacture of bodies (coachwork) for motor vehicles (except caravans) 
34202,Manufacture of trailers and semi-trailers
34203,Manufacture of caravans
31610,Manufacture of electrical equipment for engines and vehicles n.e.c.
31620,Manufacture of other electrical equipment n.e.c.
34300,Manufacture of parts and accessories for motor vehicles and their engines
36110,Manufacture of chairs and seats
35110,Building and repairing of ships
36110,Manufacture of chairs and seats
35120,Building and repairing of pleasure and sporting boats
31620,Manufacture of other electrical equipment n.e.c.
35200,Manufacture of railway and tramway locomotives and rolling stock
36110,Manufacture of chairs and seats
29600,Manufacture of weapons and ammunition
35300,Manufacture of aircraft and spacecraft
36110,Manufacture of chairs and seats
29600,Manufacture of weapons and ammunition
34100,Manufacture of motor vehicles
35410,Manufacture of motorcycles
35420,Manufacture of bicycles
35430,Manufacture of invalid carriages
36639,Other manufacturing n.e.c.
35500,Manufacture of other transport equipment n.e.c.
35500,Manufacture of other transport equipment n.e.c.
36110,Manufacture of chairs and seats
36120,Manufacture of other office and shop furniture
36110,Manufacture of chairs and seats
36130,Manufacture of other kitchen furniture
36150,Manufacture of mattresses
36110,Manufacture of chairs and seats
36140,Manufacture of other furniture
36210,Striking of coins 
33500,Manufacture of watches and clocks
36220,Manufacture of jewellery and related articles n.e.c.
33500,Manufacture of watches and clocks
36610,Manufacture of imitation jewellery
36300,Manufacture of musical instruments
36400,Manufacture of sports goods
36501,Manufacture of professional and arcade games and toys
36509,"Manufacture of other games and toys, n.e.c."
17403,Manufacture of household textiles
24422,Manufacture of non-medicaments
25130,Manufacture of other rubber products
29240,Manufacture of other general purpose machinery n.e.c.
33100,Manufacture of medical and surgical equipment and orthopaedic appliances
33201,"Manufacture of electronic instruments and appliances for measuring, checking, testing, navigating and other purposes, except industrial process control equipment"
33401,Manufacture of spectacles and unmounted lenses
36620,Manufacture of brooms and brushes
18100,Manufacture of leather clothes
18241,Manufacture of hats
18243,"Cut, make and trim for clothing manufacturers"
18249,Manufacture of other wearing apparel and accessories n.e.c.
19200,"Manufacture of luggage, handbags and the like, saddlery and harness"
20510,Manufacture of other products of wood
20520,"Manufacture of articles of cork, straw and plaiting materials"
22110,Publishing of books
25130,Manufacture of other rubber products
25240,Manufacture of other plastic products
28750,Manufacture of other fabricated metal products n.e.c.
33100,Manufacture of medical and surgical equipment and orthopaedic appliances
36400,Manufacture of sports goods
36631,Manufacture of miscellaneous stationers' goods
36639,Other manufacturing n.e.c.
28110,Manufacture of metal structures and parts of structures
28210,"Manufacture of tanks, reservoirs and containers of metal"
28220,Manufacture of central heating radiators and boilers
28300,"Manufacture of steam generators, except central heating hot water boilers"
28610,Manufacture of cutlery
28620,Manufacture of tools
28630,Manufacture of locks and hinges
28710,Manufacture of steel drums and similar containers
28750,Manufacture of other fabricated metal products n.e.c.
29600,Manufacture of weapons and ammunition
34202,Manufacture of trailers and semi-trailers
35500,Manufacture of other transport equipment n.e.c.
28520,General mechanical engineering
29110,"Manufacture of engines and turbines, except aircraft, vehicle and cycle engines"
29121,Manufacture of pumps
29122,Manufacture of compressors
29130,Manufacture of taps and valves
29140,"Manufacture of bearings, gears, gearing and driving elements"
29210,Manufacture of furnaces and furnace burners
29220,Manufacture of lifting and handling equipment
29230,Manufacture of non-domestic cooling and ventilation equipment
29240,Manufacture of other general purpose machinery n.e.c.
29310,Manufacture of agricultural tractors
29320,Manufacture of other agricultural and forestry machinery
29410,Manufacture of portable hand held power tools
29420,Manufacture of other metalworking machine tools
29430,Manufacture of other machine tools n.e.c.
29510,Manufacture of machinery for metallurgy
29521,Manufacture of machinery for mining
29522,Manufacture of earthmoving equipment
29523,Manufacture of equipment for concrete crushing and screening and roadworks
29530,"Manufacture of machinery for food, beverage and tobacco processing"
29540,"Manufacture of machinery for textile, apparel and leather production"
29550,Manufacture of machinery for paper and paperboard production
29560,Manufacture of other special purpose machinery n.e.c.
72500,"Maintenance and repair of office, accounting and computing machinery"
29240,Manufacture of other general purpose machinery n.e.c.
31100,"Manufacture of electric motors, generators and transformers"
31620,Manufacture of other electrical equipment n.e.c.
32100,Manufacture of electronic valves and tubes and other electronic components
32300,"Manufacture of television and radio receivers, sound or video recording or reproducing apparatus and associated goods"
33100,Manufacture of medical and surgical equipment and orthopaedic appliances
33201,"Manufacture of electronic instruments and appliances for measuring, checking, testing, navigating and other purposes, except industrial process control equipment"
33401,Manufacture of spectacles and unmounted lenses
33402,Manufacture of optical precision instruments
33403,Manufacture of photographic and cinematographic equipment
33500,Manufacture of watches and clocks
29710,Manufacture of electric domestic appliances
31100,"Manufacture of electric motors, generators and transformers"
31200,Manufacture of electricity distribution and control apparatus
31400,"Manufacture of accumulators, primary cells and primary batteries"
31500,Manufacture of lighting equipment and electric lamps
31620,Manufacture of other electrical equipment n.e.c.
33100,Manufacture of medical and surgical equipment and orthopaedic appliances
33202,"Manufacture of non-electronic instruments and appliances for measuring, checking, testing, navigating and other purposes, except industrial process control equipment"
35110,Building and repairing of ships
35120,Building and repairing of pleasure and sporting boats
35300,Manufacture of aircraft and spacecraft
34202,Manufacture of trailers and semi-trailers
34203,Manufacture of caravans
35200,Manufacture of railway and tramway locomotives and rolling stock
35430,Manufacture of invalid carriages
35500,Manufacture of other transport equipment n.e.c.
17402,"Manufacture of canvas goods, sacks, etc."
17520,"Manufacture of cordage, rope, twine and netting"
20400,Manufacture of wooden containers
20510,Manufacture of other products of wood
25130,Manufacture of other rubber products
25210,"Manufacture of plastic plates, sheets, tubes and profiles"
25240,Manufacture of other plastic products
26150,"Manufacture and processing of other glass, including technical glassware"
26400,"Manufacture of bricks, tiles and construction products, in baked clay"
26810,Production of abrasive products
36300,Manufacture of musical instruments
36501,Manufacture of professional and arcade games and toys
25210,"Manufacture of plastic plates, sheets, tubes and profiles"
26150,"Manufacture and processing of other glass, including technical glassware"
26400,"Manufacture of bricks, tiles and construction products, in baked clay"
26810,Production of abrasive products
28110,Manufacture of metal structures and parts of structures
28210,"Manufacture of tanks, reservoirs and containers of metal"
28220,Manufacture of central heating radiators and boilers
28300,"Manufacture of steam generators, except central heating hot water boilers"
28520,General mechanical engineering
28620,Manufacture of tools
28630,Manufacture of locks and hinges
28710,Manufacture of steel drums and similar containers
28730,Manufacture of wire products
28740,"Manufacture of fasteners, screw machine products, chain and springs"
28750,Manufacture of other fabricated metal products n.e.c.
29110,"Manufacture of engines and turbines, except aircraft, vehicle and cycle engines"
29121,Manufacture of pumps
29122,Manufacture of compressors
29130,Manufacture of taps and valves
29140,"Manufacture of bearings, gears, gearing and driving elements"
29210,Manufacture of furnaces and furnace burners
29220,Manufacture of lifting and handling equipment
29230,Manufacture of non-domestic cooling and ventilation equipment
29240,Manufacture of other general purpose machinery n.e.c.
29320,Manufacture of other agricultural and forestry machinery
29420,Manufacture of other metalworking machine tools
29430,Manufacture of other machine tools n.e.c.
29510,Manufacture of machinery for metallurgy
29521,Manufacture of machinery for mining
29522,Manufacture of earthmoving equipment
29523,Manufacture of equipment for concrete crushing and screening and roadworks
29530,"Manufacture of machinery for food, beverage and tobacco processing"
29540,"Manufacture of machinery for textile, apparel and leather production"
29550,Manufacture of machinery for paper and paperboard production
29560,Manufacture of other special purpose machinery n.e.c.
29600,Manufacture of weapons and ammunition
30010,Manufacture of office machinery
30020,Manufacture of computers and other information processing equipment
31100,"Manufacture of electric motors, generators and transformers"
31200,Manufacture of electricity distribution and control apparatus
31300,Manufacture of insulated wire and cable
31400,"Manufacture of accumulators, primary cells and primary batteries"
31500,Manufacture of lighting equipment and electric lamps
31610,Manufacture of electrical equipment for engines and vehicles n.e.c.
31620,Manufacture of other electrical equipment n.e.c.
32100,Manufacture of electronic valves and tubes and other electronic components
32201,Manufacture of telegraph and telephone apparatus and equipment  
32202,Manufacture of radio and electronic capital goods
32300,"Manufacture of television and radio receivers, sound or video recording or reproducing apparatus and associated goods"
33100,Manufacture of medical and surgical equipment and orthopaedic appliances
33201,"Manufacture of electronic instruments and appliances for measuring, checking, testing, navigating and other purposes, except industrial process control equipment"
33202,"Manufacture of non-electronic instruments and appliances for measuring, checking, testing, navigating and other purposes, except industrial process control equipment"
33301,Manufacture of electronic industrial process control equipment
33302,Manufacture of non-electronic industrial process control equipment
33401,Manufacture of spectacles and unmounted lenses
33402,Manufacture of optical precision instruments
33403,Manufacture of photographic and cinematographic equipment
33500,Manufacture of watches and clocks
34100,Manufacture of motor vehicles
35110,Building and repairing of ships
36110,Manufacture of chairs and seats
36501,Manufacture of professional and arcade games and toys
40110,Production of electricity
40120,Transmission of electricity
40130,Distribution and trade of electricity
40130,Distribution and trade of electricity
40210,Manufacture of gas
40220,Distribution and trade of gaseous fuels through mains
40220,Distribution and trade of gaseous fuels through mains
40300,Steam and hot water supply
41000,"Collection, purification and distribution of water"
90010,Collection and treatment of sewage
90020,Collection and treatment of other waste
90030,"Sanitation, remediation and similar activities"
23300,Processing of nuclear fuel
40110,Production of electricity
90020,Collection and treatment of other waste
14500,Other mining and quarrying n.e.c.
24150,Manufacture of fertilizers and nitrogen compounds
90020,Collection and treatment of other waste
23300,Processing of nuclear fuel
90020,Collection and treatment of other waste
37100,Recycling of metal waste and scrap
37100,Recycling of metal waste and scrap
37200,Recycling of non-metal waste and scrap
90030,"Sanitation, remediation and similar activities"
70110,Development and selling of real estate
20300,Manufacture of builders' carpentry and joinery
25239,Manufacture of other builders' ware of plastic
28110,Manufacture of metal structures and parts of structures
45211,Construction of commercial buildings
45230,"Construction of motorways, roads, airfields and sport facilities"
20300,Manufacture of builders' carpentry and joinery
25239,Manufacture of other builders' ware of plastic
28110,Manufacture of metal structures and parts of structures
45212,Construction of domestic buildings
45230,"Construction of motorways, roads, airfields and sport facilities"
45230,"Construction of motorways, roads, airfields and sport facilities"
45213,Construction of civil engineering constructions
45230,"Construction of motorways, roads, airfields and sport facilities"
45213,Construction of civil engineering constructions
45213,Construction of civil engineering constructions
45240,Construction of water projects
45250,Other construction work involving special trades
45213,Construction of civil engineering constructions
45240,Construction of water projects
45213,Construction of civil engineering constructions
45230,"Construction of motorways, roads, airfields and sport facilities"
45110,Demolition and wrecking of buildings; earth moving
45110,Demolition and wrecking of buildings; earth moving
45120,Test drilling and boring
45310,Installation of electrical wiring and fittings
45340,Other building installation
28220,Manufacture of central heating radiators and boilers
45310,Installation of electrical wiring and fittings
45330,Plumbing
29220,Manufacture of lifting and handling equipment
45310,Installation of electrical wiring and fittings
45320,Insulation work activities
45340,Other building installation
45410,Plastering
20300,Manufacture of builders' carpentry and joinery
25239,Manufacture of other builders' ware of plastic
28120,Manufacture of builders' carpentry and joinery of metal
45420,Joinery installation
45430,Floor and wall covering
45440,Painting and glazing
45440,Painting and glazing
45450,Other building completion
20300,Manufacture of builders' carpentry and joinery
45220,Erection of roof covering and frames
45250,Other construction work involving special trades
45211,Construction of commercial buildings
45220,Erection of roof covering and frames
45240,Construction of water projects
45250,Other construction work involving special trades
45450,Other building completion
45500,Renting of construction or demolition equipment with operator
50101,Sale of new motor vehicles
50102,Sale of used motor vehicles
50101,Sale of  new motor vehicles
50102,Sale of used motor vehicles
50200,Maintenance and repair of motor vehicles
50300,Sale of motor vehicle parts and accessories
50300,Sale of motor vehicle parts and accessories
50400,"Sale, maintenance and repair of motorcycles and related parts and accessories"
51110,"Agents involved in the sale of agricultural raw materials, live animals, textile raw materials and semi-finished goods"
51120,"Agents involved in the sale of fuels, ores, metals and industrial chemicals"
51130,Agents involved in the sale of timber and building materials
51140,"Agents involved in the sale of machinery, industrial equipment, ships and aircraft"
51150,"Agents involved in the sale of furniture, household goods, hardware and ironmongery"
51160,"Agents involved in the sale of textiles, clothing, footwear and leather goods"
51170,"Agents involved in the sale of food, beverages and tobacco"
51180,Agents specializing in the sale of particular products or ranges of products n.e.c.
51190,Agents involved in the sale of a variety of goods
51210,"Wholesale of grain, seeds and animal feeds"
51250,Wholesale of unmanufactured tobacco
51220,Wholesale of flowers and plants
51230,Wholesale of live animals
51241,Wholesale of furskins
51249,"Wholesale of hides, skins and leather n.e.c."
51310,Wholesale of fruit and vegetables
51380,"Wholesale of other food, including fish, crustaceans and molluscs"
51320,Wholesale of meat and meat products
51331,Wholesale of dairy produce
51332,Wholesale of eggs
51333,Wholesale of edible oils and fats
51341,"Wholesale of fruit and vegetable juices, mineral water and soft drinks"
51342,"Wholesale of wine, beer, spirits and other alcoholic beverages"
51350,Wholesale of tobacco products
51360,Wholesale of sugar and chocolate and sugar confectionery
51370,"Wholesale of coffee, tea, cocoa and spices"
51380,"Wholesale of other food, including fish, crustaceans and molluscs"
51390,"Non-specialised wholesale of food, beverages and tobacco"
51410,Wholesale of textiles
51421,Wholesale of adults' fur and leather clothing
51422,Wholesale of children's and infants' clothing
51423,Wholesale of footwear
51429,Wholesale of clothing n.e.c.
51431,"Wholesale of gramophone records, audio tapes, compact discs and video tapes and of the equipment on which these are played"
51439,Wholesale of radios and televisions; wholesale of electrical household appliances n.e.c.
51476,Wholesale of photographic goods
51479,Wholesale of other household goods n.e.c.
51440,"Wholesale of china and glassware, wallpaper and cleaning materials"
51450,Wholesale of perfume and cosmetics
51460,Wholesale of pharmaceutical goods
51439,Wholesale of electrical household appliances and radio and television goods
51471,Wholesale of furniture
51479,Wholesale of other household goods n.e.c.
51473,Wholesale of jewellery
51474,Wholesale of imitation jewellery
51479,Wholesale of other household goods n.e.c.
51475,Wholesale of musical instruments
51440,"Wholesale of china and glassware, wallpaper and cleaning materials"
51477,Wholesale of toys and games
51478,Wholesale of travel and fancy goods
51479,Wholesale of other household goods n.e.c.
51840,"Wholesale of computers, computer peripheral equipment and software"
51431,"Wholesale of gramophone records, audio tapes, compact discs and video tapes and of the equipment on which these are played"
51860,Wholesale of other electronic parts and equipment
51880,"Wholesale of agricultural machinery and accessories and implements, including tractors"
51810,Wholesale of machine tools
51820,"Wholesale of mining, construction and civil engineering machinery"
51830,Wholesale of machinery for the textile industry and of sewing and knitting machines
51850,Wholesale of other office machinery and equipment
51850,Wholesale of other office machinery and equipment
51870,"Wholesale of other machinery for use in industry, trade and navigation"
51511,Wholesale of petroleum and petroleum products
51519,Wholesale of other fuels and related products
51520,Wholesale of metals and metal ores
51440,"Wholesale of china and glassware, wallpaper and cleaning materials"
51479,Wholesale of other household goods n.e.c.
51530,"Wholesale of wood, construction materials and sanitary equipment"
51540,"Wholesale of hardware, plumbing and heating equipment and supplies"
51550,Wholesale of chemical products
51550,Wholesale of chemical products
51560,Wholesale of other intermediate products
51570,Wholesale of waste and scrap
51900,Other wholesale
52111,"Retail sale by confectioners, tobacconists and newsagents (CTNs)"
52112,"Retail sale in non-specialised stores holding an alcohol licence, with food, beverages or tobacco predominating"
52113,"Retail sale in non-specialised stores not holding an alcohol licence, with food, beverages or tobacco predominating"
52120,Other retail sale in non-specialised stores
52210,Retail sale of fruit and vegetables
52270,"Other retail sale of food, beverages and tobacco in specialised stores"
52220,Retail sale of meat and meat products
52230,"Retail sale of fish, crustaceans and molluscs"
52240,"Retail sale of bread, cakes, flour confectionery and sugar confectionery"
52250,Retail sale of alcoholic and other beverages
52260,Retail sale of tobacco products
52270,"Other retail sale of food, beverages and tobacco in specialised stores"
50500,Retail sale of automotive fuel
52482,"Retail sale of photographic, optical and precision equipment, office supplies and equipment (incl. computers)"
52485,"Retail sale of sports goods, games and toys, stamps and coins"
52488,Retail sale of mobile telephones
52482,"Retail sale of photographic, optical and precision equipment, office supplies and equipment (incl. computers)"
52450,Retail sale of electrical household appliances and radio and television goods
52410,Retail sale of textiles
52460,"Retail sale of hardware, paints and glass"
52440,"Retail sale of furniture, lighting equipment and household articles n.e.c."
52481,Retail sale of floor coverings
52489,Other retail sale in specialised stores n.e.c.
52450,Retail sale of electrical household appliances and radio and television goods
52450,Retail sale of electrical household appliances and radio and television goods
52440,"Retail sale of furniture, lighting equipment and household articles n.e.c."
52482,"Retail sale of photographic, optical and precision equipment, office supplies and equipment (incl. computers)"
52470,"Retail sale of books, newspapers and stationery"
52470,"Retail sale of books, newspapers and stationery"
52450,Retail sale of electrical household appliances and radio and television goods
52485,"Retail sale of sports goods, games and toys, stamps and coins"
52485,"Retail sale of sports goods, games and toys, stamps and coins"
52421,Retail sale of adults' fur and leather clothing
52422,Retail sale of children's and infants' clothing
52423,Retail sale of other women's clothing
52424,Retail sale of other men's clothing 
52431,Retail sale of footwear
52432,Retail sale of leather goods
52310,Dispensing chemists
52321,Retail sale of hearing aids
52329,Retail sale of medical and orthopaedic goods n.e.c.
52330,Retail sale of cosmetic and toilet articles
52489,Other retail sale  in specialised stores n.e.c.
52484,"Retail sale of jewellery, clocks and watches  "
52486,Retail sale in commercial art galleries
52487,Retail sale by opticians
52482,"Retail sale of photographic, optical and precision equipment, office supplies and equipment (incl. computers)"
52485,"Retail sale of sports goods, games and toys, stamps and coins"
52489,Other retail sale  in specialised stores n.e.c.
52501,"Retail sale of antiques, including antique books, in stores"
52630,Other non-store retail sale
52509,Retail sale of other second-hand goods in stores
52630,Other non-store retail sale
52620,Retail sale via stalls and markets
52620,Retail sale via stalls and markets
52620,Retail sale via stalls and markets
52610,Retail sale via mail order houses
52630,Other non-store retail sale
52630,Other non-store retail sale
60101,Inter-city services
60109,Other transport via railways
60109,Other transport via railways
60213,"Urban and suburban passenger railway transportation by underground, metro and similar systems"
60219,Other scheduled passenger land transport n.e.c.
60219,Other scheduled passenger land transport n.e.c.
60220,Taxi operation
60211,Inter-city coach service
60231,Renting of buses and coaches
60239,Other land passenger transport n.e.c.
60249,Freight transport by road n.e.c.
60241,Furniture removal activities
60300,Transport via pipelines
61101,Passenger sea and coastal water transport
61102,Freight sea and coastal water transport
61201,Passenger inland water transport
61209,Other inland water transport
62101,Scheduled passenger air transport
62201,Non-scheduled passenger air transport
62109,Other scheduled air transport
62209,Other non-scheduled air transport
62300,Space transport
63121,Storage and warehousing of frozen and refrigerated goods
63122,Storage and warehousing of liquids or gases
63123,Storage and warehousing of grain
63129,Storage and warehousing n.e.c.
63121,Storage and warehousing of frozen and refrigerated goods
63122,Storage and warehousing of liquids or gases
63123,Storage and warehousing of grain
63129,Storage and warehousing of n.e.c.
63121,Storage and warehousing of frozen and refrigerated goods
63122,Storage and warehousing of liquids or gases
63123,Storage and warehousing of grain
63129,Storage and warehousing of n.e.c.
63129,Storage and warehousing of n.e.c.
63210,Other supporting land transport activities
63210,Other supporting land transport activities
63210,Other supporting land transport activities
11100,Extraction of crude petroleum and natural gas
50200,Maintenance and repair of motor vehicles
60101,Inter-city services
60109,Other transport via railways
63210,Other supporting land transport activities
11100,Extraction of crude petroleum and natural gas
61101,Passenger sea and coastal water transport
61102,Freight sea and coastal water transport
61201,Passenger inland water transport
61209,Other inland water transport
63220,Other supporting water transport activities
62300,Space transport
63230,Other supporting air transport activities
63110,Cargo handling
63110,Cargo handling
63110,Cargo handling
63400,Activities of other transport agencies
64110,National post activities
64120,Courier activities other than national post activities
64120,Courier activities other than national post activities
55101,Hotels and motels with restaurant (licensed)
55102,Hotels and motels with restaurant (unlicensed)
55103,Hotels and motels without restaurant
55231,Holiday centres and holiday villages
55210,Youth hostels and mountain refuges
55232,Other self-catering holiday accommodation
55239,Other tourist or short-stay accommodation
55210,Youth hostels and mountain refuges
55220,"Camping sites, including caravan sites"
55239,Other tourist or short-stay accommodation
55301,Licensed restaurants
55302,Unlicensed restaurants and cafes
55303,Take-away food shops
55304,Take-away mobile food stands
55520,Catering
55510,Canteens
55520,Catering
55401,Licensed clubs
55402,Independent public houses and bars
55403,Tenanted public houses and bars
55404,Managed public houses and bars
22110,Publishing of books
72400,Database activities
22110,Publishing of books
72400,Database activities
22120,Publishing of newspapers
72400,Database activities
22130,Publishing of journals and periodicals
72400,Database activities
22130,Publishing of journals and periodicals
72400,Database activities
22150,Other publishing
22220,Other printing 
72400,Database activities
72210,Publishing of software
72400,Database activities
72210,Publishing of software
72400,Database activities
92111,Motion picture production on film or video
92111,Motion picture production on film or video
92111,Motion picture production on film or video
92202,Television activities
92119,Other motion picture and video production activities
92202,Television activities
92120,Motion picture and video distribution
92120,Motion picture and video distribution
92120,Motion picture and video distribution
92130,Motion picture projection
22140,Publishing of sound recordings
72400,Database activities
74879,Other business activities not elsewhere classified
92119,Other motion picture and video production activities
92201,Radio activities
64200,Telecommunications
72400,Database activities
92201,Radio activities
64200,Telecommunications
72400,Database activities
92202,Television activities
64200,Telecommunications
64200,Telecommunications
64200,Telecommunications
64200,Telecommunications
72210,Publishing of software
72220,Other software consultancy and supply
72400,Database activities
72210,Publishing of software
72220,Other software consultancy and supply
72400,Database activities
72100,Hardware consultancy
72220,Other software consultancy and supply
72300,Data processing
30020,Manufacture of computers and other information processing equipment
72220,Other software consultancy and supply
72600,Other computer related activities
72300,Data processing
72400,Database activities
72400,Database activities
92400,News agency activities
74879,Other business activities not elsewhere classified
65110,Central banking
65121,Banks
65122,Building societies
74159,Management activities of other non-financial holding companies
74158,Management activities of production holding companies
74153,Management activities of construction holding companies
74151,Management activities of wholesale holding companies
74155,Management activities of motor trades holding companies
74157,Management activities of retail holding companies
65234,Activities of bank holding companies
65239,Financial intermediation not elsewhere classified
74152,Management activities of transport holding companies
74154,Management activities of catering holding companies
74156,Management activities of service trades holding companies
74159,Management activities of other non-financial holding companies
65231,Activities of investment trusts
65232,Activities of unit trusts
65235,Activities of venture and development capital companies
65237,Activities of open-ended investment companies
65238,Activities of property unit trusts
65231,Activities of investment trusts
65210,Financial leasing
65221,Credit granting by non-deposit taking finance houses and other specialist consumer credit grantors
65223,Activities of mortgage finance companies
65229,Other credit granting not elsewhere classified
65233,Security dealing on own account
65222,Factoring
65239,Financial intermediation not elsewhere classified
66011,Life insurance
66031,Non-life insurance
66012,Life re-insurance
66020,Pension funding
66032,Non-life re-insurance
66020,Pension funding
67110,Administration of financial markets
67122,Security broking and fund management
67130,Activities auxiliary to financial intermediation n.e.c.
67130,Activities auxiliary to financial intermediation n.e.c.
67200,Activities auxiliary to insurance and pension funding
67200,Activities auxiliary to insurance and pension funding
67200,Activities auxiliary to insurance and pension funding
67121,Fund management activities
70120,Buying and selling of own real estate
70209,Other letting of own property
70201,Letting of conference and exhibition centres
70209,Other letting of own property
70310,Real estate agencies
70320,Management of real estate on a fee or contract basis
74112,Barristers at law
74113,Solicitors
74111,Activities of patent and copyright agents
74119,Other legal activities not elsewhere classified
74121,Accounting and auditing activities
74122,Book-keeping activities
74123,Tax consultancy
74151,Management activities of wholesale holding companies
74152,Management activities of transport holding companies
74153,Management activities of construction holding companies
74154,Management activities of catering holding companies
74155,Management activities of motor trades holding companies
74156,Management activities of service trades holding companies
74157,Management activities of retail holding companies
74158,Management activities of production holding companies
74159,Management activities of other non-financial holding companies
74141,Public relations activities
74142,Financial management
05010,Fishing
74143,General management consultancy activities
74149,"Business and management consultancy activities, n.e.c."
74201,Architectural activities
74202,Urban planning and landscape architectural activities
74205,Engineering design activities for industrial process and production
74206,Engineering related scientific and technical consulting activities
74204,Engineering consultative and design activities
74209,Other engineering activities
74300,Technical testing and analysis
73100,Research and experimental development on natural sciences and engineering
73100,Research and experimental development on natural sciences and engineering
73100,Research and experimental development on natural sciences and engineering
73200,Research and experimental development on social sciences and humanities
74402,"Planning, creation and placement of advertising activities"
74409,Advertising activities not elsewhere classified
74401,Sale or leasing activities of advertising space or time
74130,Market research and public opinion polling
74872,Specialty design activities
74812,Portrait photographic activities
74206,Engineering related scientific and technical consulting activities
74813,Other specialist photography
74814,Film processing
74819,Photographic activities not elsewhere classified
92400,News agency activities
74850,Secretarial and translation activities
74206,Engineering related scientific and technical consulting activities
74203,Quantity surveying activities
63400,Activities of other transport agencies
74149,"Business and management consultancy activities, n.e.c."
74206,Engineering related scientific and technical consulting activities
74602,Security and related activities
74879,Other business activities not elsewhere classified
85200,Veterinary activities
71100,Renting of automobiles
71219,Renting of other land transport equipment
71401,Renting of sporting and recreational equipment
71404,Renting of records and other pre-recorded media
71405,Renting of video tapes and DVDs
71403,"Renting of radios, televisions and video recorders and DVD players"
71401,Renting of sporting and recreational equipment
71409,Renting of other personal and household goods not elsewhere classified
71310,Renting of agricultural machinery and equipment
71320,Renting of construction and civil engineering machinery and equipment
71330,"Renting of office machinery and equipment, including computers"
71221,Renting of passenger water transport equipment
71229,Renting of other water transport equipment
71231,Renting of passenger air transport equipment
71239,Renting of other air transport equipment
71211,Renting of passenger land transport equipment
71219,Renting of other land transport equipment
71320,Renting of construction and civil engineering machinery and equipment
71340,Renting of other machinery and equipment n.e.c.
74879,Other business activities not elsewhere classified
74500,Labour recruitment and provision of personnel
92721,"Motion picture, television and other theatrical casting"
74500,Labour recruitment and provision of personnel
74500,Labour recruitment and provision of personnel
74500,Labour recruitment and provision of personnel
63301,Activities of travel agencies
63302,Activities of travel organisers
63303,Activities of tour guides
63309,Other tourist assistance activities n.e.c.
92320,Operation of arts facilities
92349,Other entertainment activities not elsewhere classified
92629,Other sporting activities not elsewhere classified
92729,Other recreational activities not elsewhere classified
74602,Security and related activities
45310,Installation of electrical wiring and fittings
74602,Security and related activities
74601,Investigation activities
70320,Management of real estate on a fee or contract basis
75140,Supporting service activities for the government as a whole
74701,Traditional cleaning services
74702,Window cleaning services
74704,Specialised cleaning services
74705,Furnace and chimney cleaning services
74709,Cleaning activities not elsewhere classified
74703,Disinfecting and exterminating services
74709,Cleaning activities not elsewhere classified
90030,"Sanitation, remediation and similar activities"
01410,Agricultural service activities; landscape gardening
74850,Secretarial and translation activities
64110,National post activities
74850,Secretarial and translation activities
74860,Call centre activities
74873,Activities of exhibition and fair organisers
74874,Activities of conference organisers
74871,Credit reporting and collection agency activities 
74871,Credit reporting and collection agency activities 
74820,Packaging activities
74850,Secretarial and translation activities
74879,Other business activities not elsewhere classified
75130,Regulation of and contribution to more efficient operation of business
75110,General (overall) public service activities
75140,Supporting service activities for the government as a whole
75120,"Regulation of the activities of agencies that provide health care, education, cultural services and other social services, excluding social security"
75130,Regulation of and contribution to more efficient operation of business
75210,Foreign affairs
75220,Defence activities
75230,Justice and judicial activities
75240,"Public security, law and order activities"
75250,Fire service activities
75300,Compulsory social security activities
80100,Primary education
80100,Primary education
80210,General secondary education
63220,Other supporting water transport activities
63230,Other supporting air transport activities
80220,Technical and vocational secondary education
80429,Other adult and other education n.e.c.
80301,Sub-degree level higher education 
80302,First-degree level higher education
80303,Post-graduate level higher education
80429,Other adult and other education n.e.c.
92629,Other sporting activities not elsewhere classified
93059,Other service activities n.e.c.
80429,Other adult and other education n.e.c.
92341,Dance halls and dancing instructor activities
80410,Driving school activities
80421,Activities of private training providers
80429,Other adult and other education n.e.c.
74143,General management consultancy activities
85111,"Public sector hospital activities, including NHS trusts"
85112,Private sector hospital activities
85113,Medical nursing home activities
85120,Medical practice activities
85120,Medical practice activities
85130,Dental practice activities
85140,Other human health activities
85140,Other human health activities
85111,"Public sector hospital activities, including NHS trusts"
85112,Private sector hospital activities
85140,Other human health activities
85311,Charitable social work activities with accommodation
85312,Non-charitable social work activities with accommodation
85140,Other human health activities
85311,Charitable social work activities with accommodation
85312,Non-charitable social work activities with accommodation
85311,Charitable social work activities with accommodation
85312,Non-charitable social work activities with accommodation
85321,Charitable social work activities without accommodation
85322,Non-charitable social work activities without accommodation
85321,Charitable social work activities without accommodation
85322,Non-charitable social work activities without accommodation
75210,Foreign affairs
85321,Charitable social work activities without accommodation
85322,Non-charitable social work activities without accommodation
92311,Live theatrical presentations
92319,Other artistic and literary creation and interpretation
92349,Other entertainment activities not elsewhere classified
92311,Live theatrical presentations
92320,Operation of arts facilities
92349,Other entertainment activities not elsewhere classified
92319,Other artistic and literary creation and interpretation
92400,News agency activities
92320,Operation of arts facilities
92510,Library and archives activities
75140,Supporting service activities for the government as a whole
92510,Library and archives activities
92521,Museums activities
92522,Preservation of historical sites and buildings
92530,Botanical and zoological gardens and nature reserves activities
92710,Gambling and betting activities
92611,Operation of ice rinks and roller skating rinks
92619,Operation of other sports arenas and stadiums not elsewhere classified
92629,Other sporting activities not elsewhere classified
92629,Other sporting activities not elsewhere classified
93040,Physical well-being activities
92621,Activities of racehorse owners
92629,Other sporting activities not elsewhere classified
92330,Fair and amusement park activities
92330,Fair and amusement park activities
92341,Dance halls and dancing instructor activities
92349,Other entertainment activities not elsewhere classified
92629,Other sporting activities not elsewhere classified
92729,Other recreational activities not elsewhere classified
91110,Activities of business and employers' organizations
91120,Activities of professional organizations
91200,Activities of trade unions
91310,Activities of religious organizations
91320,Activities of political organizations
01500,"Hunting, trapping and game propagation, including related service activities"
91330,Activities of other membership organizations n.e.c.
72500,"Maintenance and repair of office, accounting and computing machinery"
32201,Manufacture of telegraph and telephone apparatus and equipment  
32202,Manufacture of radio and electronic capital goods
32300,"Manufacture of television and radio receivers, sound or video recording or reproducing apparatus and associated goods"
52740,Repair n.e.c.
52720,Repair of electrical household goods
29320,Manufacture of other agricultural and forestry machinery
52720,Repair of electrical household goods
52740,Repair n.e.c.
52710,"Repair of boots, shoes and other articles of leather"
52740,Repair n.e.c.
36110,Manufacture of chairs and seats
36120,Manufacture of other office and shop furniture
36130,Manufacture of other kitchen furniture
36140,Manufacture of other furniture
36150,Manufacture of mattresses
52730,"Repair of watches, clocks and jewellery"
17402,"Manufacture of canvas goods, sacks, etc."
36300,Manufacture of musical instruments
52740,Repair n.e.c.
93010,Washing and dry-cleaning of textile and fur products
93020,Hairdressing and other beauty treatment
93030,Funeral and related activities
93040,Physical well-being activities
52740,Repair n.e.c.
93051,Operation of coin-operated photographic machines
93059,Other service activities n.e.c.
95000,Activities of households as employers of domestic staff
96000,Undifferentiated goods producing activities of private households for own use
97000,Undifferentiated services producing activities of private households for own use
99000,Extra-territorial organizations and bodies
